# S&P 500 PEG ratio (forward P/E / long-term consensus EPS growth, I/B/E/S), monthly, Mar 1995 - Jan 2026.
# Source: Yardeni Research, as charted by Yahoo Finance ("S&P 500 PEG Ratio: A Cheaper Market?", 2026).
# Traced from that chart image (about +/-0.03); the labelled peaks (2.0, 1.6, 2.4, 2.0) and the last
# point (0.70) are the chart's own numbers. The portal draws the daily Lynch Pin PEG after it (ui/valuation.py).
month,peg
1995-03,0.97
1995-04,0.99
1995-05,1.02
1995-06,1.02
1995-07,1.01
1995-08,1.03
1995-09,1.06
1995-10,1.06
1995-11,1.06
1995-12,1.07
1996-01,1.08
1996-02,1.11
1996-03,1.12
1996-04,1.15
1996-05,1.19
1996-06,1.18
1996-07,1.17
1996-08,1.13
1996-09,1.12
1996-10,1.14
1996-11,1.13
1996-12,1.11
1997-01,1.12
1997-02,1.15
1997-03,1.18
1997-04,1.18
1997-05,1.20
1997-06,1.25
1997-07,1.25
1997-08,1.23
1997-09,1.26
1997-10,1.30
1997-11,1.31
1997-12,1.31
1998-01,1.35
1998-02,1.39
1998-03,1.39
1998-04,1.33
1998-05,1.32
1998-06,1.38
1998-07,1.42
1998-08,1.47
1998-09,1.49
1998-10,1.49
1998-11,1.49
1998-12,1.44
1999-01,1.45
1999-02,1.50
1999-03,1.55
1999-04,1.59
1999-05,1.62
1999-06,1.59
1999-07,1.55
1999-08,1.58
1999-09,1.64
1999-10,1.67
1999-11,1.64
1999-12,1.66
2000-01,1.72
2000-02,1.75
2000-03,1.70
2000-04,1.68
2000-05,1.74
2000-06,1.76
2000-07,1.83
2000-08,1.87
2000-09,2.00
2000-10,1.90
2000-11,1.82
2000-12,1.76
2001-01,1.67
2001-02,1.54
2001-03,1.49
2001-04,1.55
2001-05,1.51
2001-06,1.47
2001-07,1.37
2001-08,1.35
2001-09,1.38
2001-10,1.33
2001-11,1.28
2001-12,1.24
2002-01,1.24
2002-02,1.21
2002-03,1.17
2002-04,1.20
2002-05,1.23
2002-06,1.20
2002-07,1.21
2002-08,1.25
2002-09,1.31
2002-10,1.30
2002-11,1.34
2002-12,1.35
2003-01,1.34
2003-02,1.36
2003-03,1.40
2003-04,1.43
2003-05,1.42
2003-06,1.39
2003-07,1.41
2003-08,1.43
2003-09,1.37
2003-10,1.36
2003-11,1.33
2003-12,1.29
2004-01,1.28
2004-02,1.26
2004-03,1.26
2004-04,1.24
2004-05,1.23
2004-06,1.27
2004-07,1.30
2004-08,1.28
2004-09,1.26
2004-10,1.28
2004-11,1.31
2004-12,1.30
2005-01,1.27
2005-02,1.23
2005-03,1.22
2005-04,1.19
2005-05,1.18
2005-06,1.20
2005-07,1.20
2005-08,1.21
2005-09,1.17
2005-10,1.15
2005-11,1.16
2005-12,1.17
2006-01,1.15
2006-02,1.10
2006-03,1.09
2006-04,1.11
2006-05,1.15
2006-06,1.19
2006-07,1.21
2006-08,1.19
2006-09,1.20
2006-10,1.24
2006-11,1.29
2006-12,1.31
2007-01,1.28
2007-02,1.29
2007-03,1.30
2007-04,1.28
2007-05,1.27
2007-06,1.32
2007-07,1.36
2007-08,1.39
2007-09,1.42
2007-10,1.43
2007-11,1.41
2007-12,1.44
2008-01,1.49
2008-02,1.55
2008-03,1.54
2008-04,1.50
2008-05,1.53
2008-06,1.58
2008-07,1.60
2008-08,1.62
2008-09,1.52
2008-10,1.41
2008-11,1.33
2008-12,1.38
2009-01,1.38
2009-02,1.28
2009-03,1.17
2009-04,1.11
2009-05,1.06
2009-06,1.03
2009-07,1.03
2009-08,1.08
2009-09,1.05
2009-10,0.99
2009-11,0.94
2009-12,0.96
2010-01,1.01
2010-02,1.06
2010-03,1.07
2010-04,1.11
2010-05,1.14
2010-06,1.13
2010-07,1.17
2010-08,1.22
2010-09,1.19
2010-10,1.10
2010-11,1.05
2010-12,1.03
2011-01,0.99
2011-02,1.02
2011-03,1.01
2011-04,1.04
2011-05,1.07
2011-06,1.07
2011-07,1.04
2011-08,0.99
2011-09,0.95
2011-10,0.91
2011-11,0.94
2011-12,0.94
2012-01,0.92
2012-02,0.93
2012-03,0.96
2012-04,0.99
2012-05,1.01
2012-06,1.05
2012-07,1.07
2012-08,1.08
2012-09,1.05
2012-10,1.03
2012-11,1.05
2012-12,1.08
2013-01,1.09
2013-02,1.10
2013-03,1.14
2013-04,1.16
2013-05,1.15
2013-06,1.13
2013-07,1.16
2013-08,1.19
2013-09,1.18
2013-10,1.16
2013-11,1.19
2013-12,1.18
2014-01,1.18
2014-02,1.23
2014-03,1.25
2014-04,1.24
2014-05,1.27
2014-06,1.31
2014-07,1.30
2014-08,1.28
2014-09,1.30
2014-10,1.33
2014-11,1.33
2014-12,1.31
2015-01,1.29
2015-02,1.32
2015-03,1.34
2015-04,1.36
2015-05,1.39
2015-06,1.38
2015-07,1.41
2015-08,1.43
2015-09,1.41
2015-10,1.38
2015-11,1.41
2015-12,1.46
2016-01,1.51
2016-02,1.51
2016-03,1.50
2016-04,1.55
2016-05,1.53
2016-06,1.47
2016-07,1.42
2016-08,1.42
2016-09,1.45
2016-10,1.50
2016-11,1.51
2016-12,1.51
2017-01,1.52
2017-02,1.42
2017-03,1.32
2017-04,1.29
2017-05,1.28
2017-06,1.31
2017-07,1.29
2017-08,1.22
2017-09,1.24
2017-10,1.26
2017-11,1.27
2017-12,1.28
2018-01,1.23
2018-02,1.19
2018-03,1.16
2018-04,1.06
2018-05,1.05
2018-06,1.02
2018-07,0.99
2018-08,1.00
2018-09,0.97
2018-10,0.95
2018-11,0.96
2018-12,0.93
2019-01,0.95
2019-02,1.00
2019-03,1.06
2019-04,1.07
2019-05,1.14
2019-06,1.18
2019-07,1.23
2019-08,1.30
2019-09,1.37
2019-10,1.51
2019-11,1.60
2019-12,1.69
2020-01,1.66
2020-02,1.54
2020-03,1.52
2020-04,1.88
2020-05,2.03
2020-06,2.06
2020-07,2.21
2020-08,2.40
2020-09,2.23
2020-10,2.07
2020-11,1.96
2020-12,1.64
2021-01,1.30
2021-02,1.46
2021-03,1.36
2021-04,1.15
2021-05,1.03
2021-06,1.03
2021-07,1.12
2021-08,1.17
2021-09,1.22
2021-10,1.31
2021-11,1.32
2021-12,1.39
2022-01,1.50
2022-02,1.58
2022-03,1.76
2022-04,1.80
2022-05,1.85
2022-06,2.00
2022-07,1.85
2022-08,1.76
2022-09,1.76
2022-10,1.77
2022-11,1.71
2022-12,1.57
2023-01,1.42
2023-02,1.39
2023-03,1.33
2023-04,1.36
2023-05,1.43
2023-06,1.41
2023-07,1.35
2023-08,1.32
2023-09,1.33
2023-10,1.30
2023-11,1.26
2023-12,1.28
2024-01,1.30
2024-02,1.32
2024-03,1.38
2024-04,1.40
2024-05,1.41
2024-06,1.46
2024-07,1.42
2024-08,1.32
2024-09,1.27
2024-10,1.29
2024-11,1.23
2024-12,1.15
2025-01,1.12
2025-02,1.09
2025-03,1.03
2025-04,1.01
2025-05,0.99
2025-06,0.93
2025-07,0.88
2025-08,0.87
2025-09,0.86
2025-10,0.82
2025-11,0.79
2025-12,0.76
2026-01,0.70
